Series Number,Episode Number,Episode Type,Title,Episode Date,Author Id,Doctor Id,Notes
1,1,Classic,An Unearthly Child (An Unearthly Child - Part One),23-Nov-63,1,1,
1,2,Classic,The Cave of Skulls (An Unearthly Child - Part Two),30-Nov-63,1,1,
1,3,Classic,The Forest of Fear (An Unearthly Child - Part Three),07-Dec-63,1,1,
1,4,Classic,The Firemaker (An Unearthly Child - Part Four),14-Dec-63,1,1,
1,5,Classic,The Dead Planet (The Daleks - Part One),21-Dec-63,2,1,
1,6,Classic,The Survivors (The Daleks - Part Two),28-Dec-63,2,1,
1,7,Classic,The Escape (The Daleks - Part Three),04-Jan-64,2,1,
1,8,Classic,The Ambush (The Daleks - Part Four),11-Jan-64,2,1,
1,9,Classic,The Expedition (The Daleks - Part Five),18-Jan-64,2,1,
1,10,Classic,The Ordeal (The Daleks - Part Six),25-Jan-64,2,1,
1,11,Classic,The Rescue (The Daleks - Part Seven),01-Feb-64,2,1,
1,12,Classic,The Edge of Destruction (The Edge of Destruction - Part One),08-Feb-64,3,1,
1,13,Classic,The Brink of Disaster (The Edge of Destruction - Part Two),15-Feb-64,3,1,
1,14,Classic,The Roof of the World (Marco Polo - Part One),22-Feb-64,4,1,
1,15,Classic,The Singing Sands (Marco Polo - Part Two),29-Feb-64,4,1,
1,16,Classic,Five Hundred Eyes (Marco Polo - Part Three),07-Mar-64,4,1,
1,17,Classic,The Wall of Lies (Marco Polo - Part Four),14-Mar-64,4,1,
1,18,Classic,Rider From Shang-Tu (Marco Polo - Part Five),21-Mar-64,4,1,
1,19,Classic,Mighty Kublai Khan (Marco Polo - Part Six),28-Mar-64,4,1,
1,20,Classic,Assassin at Peking (Marco Polo - Part Seven),04-Apr-64,4,1,
1,21,Classic,The Sea of Death (The Keys of Marinus - Part One),11-Apr-64,2,1,
1,22,Classic,The Velvet Web (The Keys of Marinus - Part Two),18-Apr-64,2,1,
1,23,Classic,The Screaming Jungle (The Keys of Marinus - Part Three),25-Apr-64,2,1,
1,24,Classic,The Snows of Terror (The Keys of Marinus - Part Four),02-May-64,2,1,
1,25,Classic,Sentence of Death (The Keys of Marinus - Part Five),09-May-64,2,1,
1,26,Classic,The Keys of Marinus (The Keys of Marinus - Part Six),16-May-64,2,1,
1,27,Classic,The Temple of Evil (The Aztecs - Part One),23-May-64,4,1,
1,28,Classic,The Warriors of Death (The Aztecs - Part Two),30-May-64,4,1,
1,29,Classic,The Bride of Sacrifice (The Aztecs - Part Three),06-Jun-64,4,1,
1,30,Classic,The Day of Darkness (The Aztecs - Part Four),13-Jun-64,4,1,
1,31,Classic,Strangers in Space (The Sensorites - Part One),20-Jun-64,5,1,
1,32,Classic,The Unwilling Warriors (The Sensorites - Part Two),27-Jun-64,5,1,
1,33,Classic,Hidden Danger (The Sensorites - Part Three),11-Jul-64,5,1,
1,34,Classic,A Race Against Death (The Sensorites - Part Four),18-Jul-64,5,1,
1,35,Classic,Kidnap (The Sensorites - Part Five),25-Jul-64,5,1,
1,36,Classic,A Desperate Venture (The Sensorites - Part Six),01-Aug-64,5,1,
1,37,Classic,A Land of Fear (The Reign of Terror - Part One),08-Aug-64,6,1,
1,38,Classic,Guests of Madame Guillotine (The Reign of Terror - Part Two),15-Aug-64,6,1,
1,39,Classic,A Change of Identity (The Reign of Terror - Part Three),22-Aug-64,6,1,
1,40,Classic,The Tyrant of France (The Reign of Terror - Part Four),29-Aug-64,6,1,
1,41,Classic,A Bargain of Necessity (The Reign of Terror - Part Five),05-Sep-64,6,1,
1,42,Classic,Prisoners of Conciergerie (The Reign of Terror - Part Six),12-Sep-64,6,1,
2,1,Classic,Planet of Giants (Planet of Giants - Part One),31-Oct-64,7,1,
2,2,Classic,Dangerous Journey (Planet of Giants - Part Two),07-Nov-64,7,1,
2,3,Classic,Crisis (Planet of Giants - Part Three),14-Nov-64,7,1,
2,4,Classic,World's End (The Dalek Invasion of Earth - Part One),21-Nov-64,2,1,
2,5,Classic,The Daleks (The Dalek Invasion of Earth - Part Two),28-Nov-64,2,1,
2,6,Classic,Day of Reckoning (The Dalek Invasion of Earth - Part Three),05-Dec-64,2,1,
2,7,Classic,The End of Tomorrow (The Dalek Invasion of Earth - Part Four),12-Dec-64,2,1,
2,8,Classic,The Waking Ally (The Dalek Invasion of Earth - Part Five),19-Dec-64,2,1,
2,9,Classic,Flashpoint (The Dalek Invasion of Earth - Part Six),26-Dec-64,2,1,
2,10,Classic,The Powerful Enemy (The Rescue - Part One),02-Jan-65,3,1,
2,11,Classic,Desperate Measures (The Rescue - Part Two),09-Jan-65,3,1,
2,12,Classic,The Slave Traders (The Romans - Part One),16-Jan-65,6,1,
2,13,Classic,All Roads Lead to Rome (The Romans - Part Two),23-Jan-65,6,1,
2,14,Classic,Conspiracy (The Romans - Part Three),30-Jan-65,6,1,
2,15,Classic,Inferno (The Romans - Part Four),06-Feb-65,6,1,
2,16,Classic,The Web Planet (The Web Planet - Part One),13-Feb-65,8,1,
2,17,Classic,The Zarbi (The Web Planet - Part Two),20-Feb-65,8,1,
2,18,Classic,Escape to Danger (The Web Planet - Part Three),27-Feb-65,8,1,
2,19,Classic,Crater of Needles (The Web Planet - Part Four),06-Mar-65,8,1,
2,20,Classic,Invasion (The Web Planet - Part Five),13-Mar-65,8,1,
2,21,Classic,The Centre (The Web Planet - Part Six),20-Mar-65,8,1,
2,22,Classic,The Lion (The Crusade - Part One),27-Mar-65,3,1,
2,23,Classic,The Knight of Jaffa (The Crusade - Part Two),03-Apr-65,3,1,
2,24,Classic,The Wheel of Fortune (The Crusade - Part Three),10-Apr-65,3,1,
2,25,Classic,The Warlords (The Crusade - Part Four),17-Apr-65,3,1,
2,26,Classic,The Space Museum (The Space Museum - Part One),24-Apr-65,9,1,
2,27,Classic,The Dimensions of Time (The Space Museum - Part Two),01-May-65,9,1,
2,28,Classic,The Search (The Space Museum - Part Three),08-May-65,9,1,
2,29,Classic,The Final Phase (The Space Museum - Part Four),15-May-65,9,1,
2,30,Classic,The Executioners (The Chase - Part One),22-May-65,2,1,
2,31,Classic,The Death of Time (The Chase - Part Two),29-May-65,2,1,
2,32,Classic,Flight through Eternity (The Chase - Part Three),05-Jun-65,2,1,
2,33,Classic,Journey into Terror (The Chase - Part Four),12-Jun-65,2,1,
2,34,Classic,The Death of Doctor Who (The Chase - Part Five),19-Jun-65,2,1,
2,35,Classic,The Planet of Decision (The Chase - Part Six),26-Jun-65,2,1,
2,36,Classic,The Watcher (The Time Meddler - Part One),03-Jul-65,6,1,
2,37,Classic,The Meddling Monk (The Time Meddler - Part Two),10-Jul-65,6,1,
2,38,Classic,A Battle of Wits (The Time Meddler - Part Three),17-Jul-65,6,1,
2,39,Classic,Checkmate (The Time Meddler - Part Four),24-Jul-65,6,1,
3,1,Classic,Four Hundred Dawns (Galaxy 4 - Part One),11-Sep-65,10,1,
3,2,Classic,Trap of Steel (Galaxy 4 - Part Two),18-Sep-65,10,1,
3,3,Classic,Air Lock (Galaxy 4 - Part Three),25-Sep-65,10,1,
3,4,Classic,The Exploding Planet (Galaxy 4 - Part Four),02-Oct-65,10,1,
3,5,Classic,Mission to the Unknown,09-Oct-65,2,1,
3,6,Classic,Temple of Secrets (The Myth Makers - Part One),16-Oct-65,11,1,
3,7,Classic,Small Prophet - Quick Return (The Myth Makers - Part Two),23-Oct-65,11,1,
3,8,Classic,Death of a Spy (The Myth Makers - Part Three),30-Oct-65,11,1,
3,9,Classic,Horse of Destruction (The Myth Makers - Part Four),06-Nov-65,11,1,
3,10,Classic,The Nightmare Begins (The Daleks' Master Plan - Part One),13-Nov-65,2,1,
3,11,Classic,Day of Armageddon (The Daleks' Master Plan - Part Two),20-Nov-65,2,1,
3,12,Classic,Devil's Planet (The Daleks' Master Plan - Part Three),27-Nov-65,2,1,
3,13,Classic,The Traitors (The Daleks' Master Plan - Part Four),04-Dec-65,2,1,
3,14,Classic,Counter Plot (The Daleks' Master Plan - Part Five),11-Dec-65,2,1,
3,15,Classic,Coronas of the Sun (The Daleks' Master Plan - Part Six),18-Dec-65,6,1,
3,16,Classic,The Feast of Steven (The Daleks' Master Plan - Part Seven),25-Dec-65,2,1,
3,17,Classic,Volcano (The Daleks' Master Plan - Part Eight),01-Jan-66,6,1,
3,18,Classic,Golden Death (The Daleks' Master Plan - Part Nine),08-Jan-66,6,1,
3,19,Classic,Escape Switch (The Daleks' Master Plan - Part Ten),15-Jan-66,6,1,
3,20,Classic,The Abandoned Planet (The Daleks' Master Plan - Part Eleven),22-Jan-66,6,1,
3,21,Classic,Destruction of Time (The Daleks' Master Plan - Part Twelve),29-Jan-66,6,1,
3,22,Classic,War of God (The Massacre of St Bartholomew's Eve - Part One),05-Feb-66,4,1,
3,23,Classic,The Sea Beggar (The Massacre of St Bartholomew's Eve - Part Two),12-Feb-66,4,1,
3,24,Classic,Priest of Death (The Massacre of St Bartholomew's Eve - Part Three),19-Feb-66,4,1,
3,25,Classic,Bell of Doom (The Massacre of St Bartholomew's Eve - Part Four),26-Feb-66,4,1,
3,26,Classic,The Steel Sky (The Ark - Part One),05-Mar-66,12,1,
3,27,Classic,The Plague (The Ark - Part Two),12-Mar-66,12,1,
3,28,Classic,The Return (The Ark - Part Three),19-Mar-66,13,1,
3,29,Classic,The Bomb (The Ark - Part Four),26-Mar-66,13,1,
3,30,Classic,The Celestial Toyroom (The Celestial Toymaker - Part One),02-Apr-66,14,1,
3,31,Classic,The Hall of Dolls (The Celestial Toymaker - Part Two),09-Apr-66,14,1,
3,32,Classic,The Dancing Floor (The Celestial Toymaker - Part Three),16-Apr-66,14,1,
3,33,Classic,The Final Test (The Celestial Toymaker - Part Four),23-Apr-66,14,1,
3,34,Classic,A Holiday for the Doctor (The Gunfighters - Part One),30-Apr-66,11,1,
3,35,Classic,Don't Shoot the Pianist (The Gunfighters - Part Two),07-May-66,11,1,
3,36,Classic,Johnny Ringo (The Gunfighters - Part Three),14-May-66,11,1,
3,37,Classic,The O.K. Corral (The Gunfighters - Part Four),21-May-66,11,1,
3,38,Classic,The Savages - Part One,28-May-66,16,1,
3,39,Classic,The Savages - Part Two,04-Jun-66,16,1,
3,40,Classic,The Savages - Part Three,11-Jun-66,16,1,
3,41,Classic,The Savages - Part Four,18-Jun-66,16,1,
3,42,Classic,The War Machines - Part One,25-Jun-66,16,1,
3,43,Classic,The War Machines - Part Two,02-Jul-66,16,1,
3,44,Classic,The War Machines - Part Three,09-Jul-66,16,1,
3,45,Classic,The War Machines - Part Four,16-Jul-66,16,1,
4,1,Classic,The Smugglers - Part One,10-Sep-66,14,1,
4,2,Classic,The Smugglers - Part Two,17-Sep-66,14,1,
4,3,Classic,The Smugglers - Part Three,24-Sep-66,14,1,
4,4,Classic,The Smugglers - Part Four,01-Oct-66,14,1,
4,5,Classic,The Tenth Planet - Part One,08-Oct-66,18,1,
4,6,Classic,The Tenth Planet - Part Two,15-Oct-66,18,1,
4,7,Classic,The Tenth Planet - Part Three,22-Oct-66,18,1,
4,8,Classic,The Tenth Planet - Part Four,29-Oct-66,18,1,
4,9,Classic,The Power of the Daleks - Part One,05-Nov-66,3,2,
4,10,Classic,The Power of the Daleks - Part Two,12-Nov-66,3,2,
4,11,Classic,The Power of the Daleks - Part Three,19-Nov-66,3,2,
4,12,Classic,The Power of the Daleks - Part Four,26-Nov-66,3,2,
4,13,Classic,The Power of the Daleks - Part Five,03-Dec-66,3,2,
4,14,Classic,The Power of the Daleks - Part Six,10-Dec-66,3,2,
4,15,Classic,The Highlanders - Part One,17-Dec-66,17,2,
4,16,Classic,The Highlanders - Part Two,24-Dec-66,17,2,
4,17,Classic,The Highlanders - Part Three,31-Dec-66,17,2,
4,18,Classic,The Highlanders - Part Four,07-Jan-67,17,2,
4,19,Classic,The Underwater Menace - Part One,14-Jan-67,19,2,
4,20,Classic,The Underwater Menace - Part Two,21-Jan-67,19,2,
4,21,Classic,The Underwater Menace - Part Three,28-Jan-67,19,2,
4,22,Classic,The Underwater Menace - Part Four,04-Feb-67,19,2,
4,23,Classic,The Moonbase - Part One,11-Feb-67,18,2,
4,24,Classic,The Moonbase - Part Two,18-Feb-67,18,2,
4,25,Classic,The Moonbase - Part Three,25-Feb-67,18,2,
4,26,Classic,The Moonbase - Part Four,04-Mar-67,18,2,
4,27,Classic,The Macra Terror - Part One,11-Mar-67,16,2,
4,28,Classic,The Macra Terror - Part Two,18-Mar-67,16,2,
4,29,Classic,The Macra Terror - Part Three,25-Mar-67,16,2,
4,30,Classic,The Macra Terror - Part Four,01-Apr-67,16,2,
4,31,Classic,The Faceless Ones - Part One,08-Apr-67,20,2,
4,32,Classic,The Faceless Ones - Part Two,15-Apr-67,20,2,
4,33,Classic,The Faceless Ones - Part Three,22-Apr-67,20,2,
4,34,Classic,The Faceless Ones - Part Four,29-Apr-67,20,2,
4,35,Classic,The Faceless Ones - Part Five,06-May-67,20,2,
4,36,Classic,The Faceless Ones - Part Six,13-May-67,20,2,
4,37,Classic,The Evil of the Daleks - Part One,20-May-67,3,2,
4,38,Classic,The Evil of the Daleks - Part Two,27-May-67,3,2,
4,39,Classic,The Evil of the Daleks - Part Three,03-Jun-67,3,2,
4,40,Classic,The Evil of the Daleks - Part Four,10-Jun-67,3,2,
4,41,Classic,The Evil of the Daleks - Part Five,17-Jun-67,3,2,
4,42,Classic,The Evil of the Daleks - Part Six,24-Jun-67,3,2,
4,43,Classic,The Evil of the Daleks - Part Seven,01-Jul-67,3,2,
5,1,Classic,The Tomb of the Cybermen - Part One,02-Sep-67,18,2,
5,2,Classic,The Tomb of the Cybermen - Part Two,09-Sep-67,18,2,
5,3,Classic,The Tomb of the Cybermen - Part Three,16-Sep-67,18,2,
5,4,Classic,The Tomb of the Cybermen - Part Four,23-Sep-67,18,2,
5,5,Classic,The Abominable Snowmen - Part One,30-Sep-67,22,2,
5,6,Classic,The Abominable Snowmen - Part Two,07-Oct-67,22,2,
5,7,Classic,The Abominable Snowmen - Part Three,14-Oct-67,22,2,
5,8,Classic,The Abominable Snowmen - Part Four,21-Oct-67,22,2,
5,9,Classic,The Abominable Snowmen - Part Five,28-Oct-67,22,2,
5,10,Classic,The Abominable Snowmen - Part Six,04-Nov-67,22,2,
5,11,Classic,The Ice Warriors - Part One,11-Nov-67,14,2,
5,12,Classic,The Ice Warriors - Part Two,18-Nov-67,14,2,
5,13,Classic,The Ice Warriors - Part Three,25-Nov-67,14,2,
5,14,Classic,The Ice Warriors - Part Four,02-Dec-67,14,2,
5,15,Classic,The Ice Warriors - Part Five,09-Dec-67,14,2,
5,16,Classic,The Ice Warriors - Part Six,16-Dec-67,14,2,
5,17,Classic,The Enemy of the World - Part One,23-Dec-67,3,2,
5,18,Classic,The Enemy of the World - Part Two,30-Dec-67,3,2,
5,19,Classic,The Enemy of the World - Part Three,06-Jan-68,3,2,
5,20,Classic,The Enemy of the World - Part Four,13-Jan-68,3,2,
5,21,Classic,The Enemy of the World - Part Five,20-Jan-68,3,2,
5,22,Classic,The Enemy of the World - Part Six,27-Jan-68,3,2,
5,23,Classic,The Web of Fear - Part One,03-Feb-68,22,2,
5,24,Classic,The Web of Fear - Part Two,10-Feb-68,22,2,
5,25,Classic,The Web of Fear - Part Three,17-Feb-68,22,2,
5,26,Classic,The Web of Fear - Part Four,24-Feb-68,22,2,
5,27,Classic,The Web of Fear - Part Five,02-Mar-68,22,2,
5,28,Classic,The Web of Fear - Part Six,09-Mar-68,22,2,
5,29,Classic,Fury from the Deep - Part One,16-Mar-68,24,2,
5,30,Classic,Fury from the Deep - Part Two,23-Mar-68,24,2,
5,31,Classic,Fury from the Deep - Part Three,30-Mar-68,24,2,
5,32,Classic,Fury from the Deep - Part Four,06-Apr-68,24,2,
5,33,Classic,Fury from the Deep - Part Five,13-Apr-68,24,2,
5,34,Classic,Fury from the Deep - Part Six,20-Apr-68,24,2,
5,35,Classic,The Wheel in Space - Part One,27-Apr-68,3,2,
5,36,Classic,The Wheel in Space - Part Two,04-May-68,3,2,
5,37,Classic,The Wheel in Space - Part Three,11-May-68,3,2,
5,38,Classic,The Wheel in Space - Part Four,18-May-68,3,2,
5,39,Classic,The Wheel in Space - Part Five,25-May-68,3,2,
5,40,Classic,The Wheel in Space - Part Six,01-Jun-68,3,2,
6,1,Classic,The Dominators - Part One,10-Aug-68,25,2,
6,2,Classic,The Dominators - Part Two,17-Aug-68,25,2,
6,3,Classic,The Dominators - Part Three,24-Aug-68,25,2,
6,4,Classic,The Dominators - Part Four,31-Aug-68,25,2,
6,5,Classic,The Dominators - Part Five,07-Sep-68,25,2,
6,6,Classic,The Mind Robber - Part One,14-Sep-68,27,2,
6,7,Classic,The Mind Robber - Part Two,21-Sep-68,26,2,
6,8,Classic,The Mind Robber - Part Three,28-Sep-68,26,2,
6,9,Classic,The Mind Robber - Part Four,05-Oct-68,26,2,
6,10,Classic,The Mind Robber - Part Five,12-Oct-68,26,2,
6,11,Classic,The Invasion - Part One,02-Nov-68,27,2,
6,12,Classic,The Invasion - Part Two,09-Nov-68,27,2,
6,13,Classic,The Invasion - Part Three,16-Nov-68,27,2,
6,14,Classic,The Invasion - Part Four,23-Nov-68,27,2,
6,15,Classic,The Invasion - Part Five,30-Nov-68,27,2,
6,16,Classic,The Invasion - Part Six,07-Dec-68,27,2,
6,17,Classic,The Invasion - Part Seven,14-Dec-68,27,2,
6,18,Classic,The Invasion - Part Eight,21-Dec-68,27,2,
6,19,Classic,The Krotons - Part One,28-Dec-68,28,2,
6,20,Classic,The Krotons - Part Two,04-Jan-69,28,2,
6,21,Classic,The Krotons - Part Three,11-Jan-69,28,2,
6,22,Classic,The Krotons - Part Four,18-Jan-69,28,2,
6,23,Classic,The Seeds of Death - Part One,25-Jan-69,14,2,
6,24,Classic,The Seeds of Death - Part Two,01-Feb-69,14,2,
6,25,Classic,The Seeds of Death - Part Three,08-Feb-69,14,2,
6,26,Classic,The Seeds of Death - Part Four,15-Feb-69,14,2,
6,27,Classic,The Seeds of Death - Part Five,22-Feb-69,14,2,
6,28,Classic,The Seeds of Death - Part Six,01-Mar-69,14,2,
6,29,Classic,The Space Pirates - Part One,08-Mar-69,28,2,
6,30,Classic,The Space Pirates - Part Two,15-Mar-69,28,2,
6,31,Classic,The Space Pirates - Part Three,22-Mar-69,28,2,
6,32,Classic,The Space Pirates - Part Four,29-Mar-69,28,2,
6,33,Classic,The Space Pirates - Part Five,05-Apr-69,28,2,
6,34,Classic,The Space Pirates - Part Six,12-Apr-69,28,2,
6,35,Classic,The War Games - Part One,19-Apr-69,29,2,
6,36,Classic,The War Games - Part Two,26-Apr-69,29,2,
6,37,Classic,The War Games - Part Three,03-May-69,29,2,
6,38,Classic,The War Games - Part Four,10-May-69,29,2,
6,39,Classic,The War Games - Part Five,17-May-69,29,2,
6,40,Classic,The War Games - Part Six,24-May-69,29,2,
6,41,Classic,The War Games - Part Seven,31-May-69,29,2,
6,42,Classic,The War Games - Part Eight,07-Jun-69,29,2,
6,43,Classic,The War Games - Part Nine,14-Jun-69,29,2,
6,44,Classic,The War Games - Part Ten,21-Jun-69,29,2,
7,1,Classic,Spearhead from Space - Part One,03-Jan-70,28,3,
7,2,Classic,Spearhead from Space - Part Two,10-Jan-70,28,3,
7,3,Classic,Spearhead from Space - Part Three,17-Jan-70,28,3,
7,4,Classic,Spearhead from Space - Part Four,24-Jan-70,28,3,
7,5,Classic,The Silurians - Part One,31-Jan-70,21,3,
7,6,Classic,The Silurians - Part Two,07-Feb-70,21,3,
7,7,Classic,The Silurians - Part Three,14-Feb-70,21,3,
7,8,Classic,The Silurians - Part Four,21-Feb-70,21,3,
7,9,Classic,The Silurians - Part Five,28-Feb-70,21,3,
7,10,Classic,The Silurians - Part Six,07-Mar-70,21,3,
7,11,Classic,The Silurians - Part Seven,14-Mar-70,21,3,
7,12,Classic,The Ambassadors of Death - Part One,21-Mar-70,3,3,
7,13,Classic,The Ambassadors of Death - Part Two,28-Mar-70,3,3,
7,14,Classic,The Ambassadors of Death - Part Three,04-Apr-70,3,3,
7,15,Classic,The Ambassadors of Death - Part Four,11-Apr-70,3,3,
7,16,Classic,The Ambassadors of Death - Part Five,18-Apr-70,3,3,
7,17,Classic,The Ambassadors of Death - Part Six,25-Apr-70,3,3,
7,18,Classic,The Ambassadors of Death - Part Seven,02-May-70,3,3,
7,19,Classic,Inferno - Part One,09-May-70,30,3,
7,20,Classic,Inferno - Part Two,16-May-70,30,3,
7,21,Classic,Inferno - Part Three,23-May-70,30,3,
7,22,Classic,Inferno - Part Four,30-May-70,30,3,
7,23,Classic,Inferno - Part Five,06-Jun-70,30,3,
7,24,Classic,Inferno - Part Six,13-Jun-70,30,3,
7,25,Classic,Inferno - Part Seven,20-Jun-70,30,3,
8,1,Classic,Terror of the Autons - Part One,02-Jan-71,28,3,
8,2,Classic,Terror of the Autons - Part Two,09-Jan-71,28,3,
8,3,Classic,Terror of the Autons - Part Three,16-Jan-71,28,3,
8,4,Classic,Terror of the Autons - Part Four,23-Jan-71,28,3,
8,5,Classic,The Mind of Evil - Part One,30-Jan-71,30,3,
8,6,Classic,The Mind of Evil - Part Two,06-Feb-71,30,3,
8,7,Classic,The Mind of Evil - Part Three,13-Feb-71,30,3,
8,8,Classic,The Mind of Evil - Part Four,20-Feb-71,30,3,
8,9,Classic,The Mind of Evil - Part Five,27-Feb-71,30,3,
8,10,Classic,The Mind of Evil - Part Six,06-Mar-71,30,3,
8,11,Classic,The Claws of Axos - Part One,13-Mar-71,31,3,
8,12,Classic,The Claws of Axos - Part Two,20-Mar-71,31,3,
8,13,Classic,The Claws of Axos - Part Three,27-Mar-71,31,3,
8,14,Classic,The Claws of Axos - Part Four,03-Apr-71,31,3,
8,15,Classic,Colony in Space - Part One,10-Apr-71,21,3,
8,16,Classic,Colony in Space - Part Two,17-Apr-71,21,3,
8,17,Classic,Colony in Space - Part Three,24-Apr-71,21,3,
8,18,Classic,Colony in Space - Part Four,01-May-71,21,3,
8,19,Classic,Colony in Space - Part Five,08-May-71,21,3,
8,20,Classic,Colony in Space - Part Six,15-May-71,21,3,
8,21,Classic,The Dæmons - Part One,22-May-71,33,3,
8,22,Classic,The Dæmons - Part Two,29-May-71,33,3,
8,23,Classic,The Dæmons - Part Three,05-Jun-71,33,3,
8,24,Classic,The Dæmons - Part Four,12-Jun-71,33,3,
8,25,Classic,The Dæmons - Part Five,19-Jun-71,33,3,
9,1,Classic,Day of the Daleks - Part One,01-Jan-72,7,3,
9,2,Classic,Day of the Daleks - Part Two,08-Jan-72,7,3,
9,3,Classic,Day of the Daleks - Part Three,15-Jan-72,7,3,
9,4,Classic,Day of the Daleks - Part Four,22-Jan-72,7,3,
9,5,Classic,The Curse of Peladon - Part One,29-Jan-72,14,3,
9,6,Classic,The Curse of Peladon - Part Two,05-Feb-72,14,3,
9,7,Classic,The Curse of Peladon - Part Three,12-Feb-72,14,3,
9,8,Classic,The Curse of Peladon - Part Four,19-Feb-72,14,3,
9,9,Classic,The Sea Devils - Part One,26-Feb-72,21,3,
9,10,Classic,The Sea Devils - Part Two,04-Mar-72,21,3,
9,11,Classic,The Sea Devils - Part Three,11-Mar-72,21,3,
9,12,Classic,The Sea Devils - Part Four,18-Mar-72,21,3,
9,13,Classic,The Sea Devils - Part Five,25-Mar-72,21,3,
9,14,Classic,The Sea Devils - Part Six,01-Apr-72,21,3,
9,15,Classic,The Mutants - Part One,08-Apr-72,31,3,
9,16,Classic,The Mutants - Part Two,15-Apr-72,31,3,
9,17,Classic,The Mutants - Part Three,22-Apr-72,31,3,
9,18,Classic,The Mutants - Part Four,29-Apr-72,31,3,
9,19,Classic,The Mutants - Part Five,06-May-72,31,3,
9,20,Classic,The Mutants - Part Six,13-May-72,31,3,
9,21,Classic,The Time Monster - Part One,20-May-72,34,3,
9,22,Classic,The Time Monster - Part Two,27-May-72,34,3,
9,23,Classic,The Time Monster - Part Three,03-Jun-72,34,3,
9,24,Classic,The Time Monster - Part Four,10-Jun-72,34,3,
9,25,Classic,The Time Monster - Part Five,17-Jun-72,34,3,
9,26,Classic,The Time Monster - Part Six,24-Jun-72,34,3,
10,1,Classic,The Three Doctors - Part One,30-Dec-72,31,3,
10,2,Classic,The Three Doctors - Part Two,06-Jan-73,31,3,
10,3,Classic,The Three Doctors - Part Three,13-Jan-73,31,3,
10,4,Classic,The Three Doctors - Part Four,20-Jan-73,31,3,
10,5,Classic,Carnival of Monsters - Part One,27-Jan-73,28,3,
10,6,Classic,Carnival of Monsters - Part Two,03-Feb-73,28,3,
10,7,Classic,Carnival of Monsters - Part Three,10-Feb-73,28,3,
10,8,Classic,Carnival of Monsters - Part Four,17-Feb-73,28,3,
10,9,Classic,Frontier in Space - Part One,24-Feb-73,21,3,
10,10,Classic,Frontier in Space - Part Two,03-Mar-73,21,3,
10,11,Classic,Frontier in Space - Part Three,10-Mar-73,21,3,
10,12,Classic,Frontier in Space - Part Four,17-Mar-73,21,3,
10,13,Classic,Frontier in Space - Part Five,24-Mar-73,21,3,
10,14,Classic,Frontier in Space - Part Six,31-Mar-73,21,3,
10,15,Classic,Planet of the Daleks - Part One,07-Apr-73,2,3,
10,16,Classic,Planet of the Daleks - Part Two,14-Apr-73,2,3,
10,17,Classic,Planet of the Daleks - Part Three,21-Apr-73,2,3,
10,18,Classic,Planet of the Daleks - Part Four,28-Apr-73,2,3,
10,19,Classic,Planet of the Daleks - Part Five,05-May-73,2,3,
10,20,Classic,Planet of the Daleks - Part Six,12-May-73,2,3,
10,21,Classic,The Green Death - Part One,19-May-73,34,3,
10,22,Classic,The Green Death - Part Two,26-May-73,34,3,
10,23,Classic,The Green Death - Part Three,02-Jun-73,34,3,
10,24,Classic,The Green Death - Part Four,09-Jun-73,34,3,
10,25,Classic,The Green Death - Part Five,16-Jun-73,34,3,
10,26,Classic,The Green Death - Part Six,23-Jun-73,34,3,
11,1,Classic,The Time Warrior - Part One,15-Dec-73,28,3,
11,2,Classic,The Time Warrior - Part Two,22-Dec-73,28,3,
11,3,Classic,The Time Warrior - Part Three,29-Dec-73,28,3,
11,4,Classic,The Time Warrior - Part Four,05-Jan-74,28,3,
11,5,Classic,Invasion of the Dinosaurs - Part One,12-Jan-74,21,3,
11,6,Classic,Invasion of the Dinosaurs - Part Two,19-Jan-74,21,3,
11,7,Classic,Invasion of the Dinosaurs - Part Three,26-Jan-74,21,3,
11,8,Classic,Invasion of the Dinosaurs - Part Four,02-Feb-74,21,3,
11,9,Classic,Invasion of the Dinosaurs - Part Five,09-Feb-74,21,3,
11,10,Classic,Invasion of the Dinosaurs - Part Six,16-Feb-74,21,3,
11,11,Classic,Death to the Daleks - Part One,23-Feb-74,2,3,
11,12,Classic,Death to the Daleks - Part Two,02-Mar-74,2,3,
11,13,Classic,Death to the Daleks - Part Three,09-Mar-74,2,3,
11,14,Classic,Death to the Daleks - Part Four,16-Mar-74,2,3,
11,15,Classic,The Monster of Peladon - Part One,23-Mar-74,14,3,
11,16,Classic,The Monster of Peladon - Part Two,30-Mar-74,14,3,
11,17,Classic,The Monster of Peladon - Part Three,06-Apr-74,14,3,
11,18,Classic,The Monster of Peladon - Part Four,13-Apr-74,14,3,
11,19,Classic,The Monster of Peladon - Part Five,20-Apr-74,14,3,
11,20,Classic,The Monster of Peladon - Part Six,27-Apr-74,14,3,
11,21,Classic,Planet of the Spiders - Part One,04-May-74,34,3,
11,22,Classic,Planet of the Spiders - Part Two,11-May-74,34,3,
11,23,Classic,Planet of the Spiders - Part Three,18-May-74,34,3,
11,24,Classic,Planet of the Spiders - Part Four,25-May-74,34,3,
11,25,Classic,Planet of the Spiders - Part Five,01-Jun-74,34,3,
11,26,Classic,Planet of the Spiders - Part Six,08-Jun-74,34,3,
12,1,Classic,Robot - Part One,28-Dec-74,29,4,
12,2,Classic,Robot - Part Two,04-Jan-75,29,4,
12,3,Classic,Robot - Part Three,11-Jan-75,29,4,
12,4,Classic,Robot - Part Four,18-Jan-75,29,4,
12,5,Classic,The Ark in Space - Part One,25-Jan-75,28,4,
12,6,Classic,The Ark in Space - Part Two,01-Feb-75,28,4,
12,7,Classic,The Ark in Space - Part Three,08-Feb-75,28,4,
12,8,Classic,The Ark in Space - Part Four,15-Feb-75,28,4,
12,9,Classic,The Sontaran Experiment - Part One,22-Feb-75,31,4,
12,10,Classic,The Sontaran Experiment - Part Two,01-Mar-75,31,4,
12,11,Classic,Genesis of the Daleks - Part One,08-Mar-75,2,4,
12,12,Classic,Genesis of the Daleks - Part Two,15-Mar-75,2,4,
12,13,Classic,Genesis of the Daleks - Part Three,22-Mar-75,2,4,
12,14,Classic,Genesis of the Daleks - Part Four,29-Mar-75,2,4,
12,15,Classic,Genesis of the Daleks - Part Five,05-Apr-75,2,4,
12,16,Classic,Genesis of the Daleks - Part Six,12-Apr-75,2,4,
12,17,Classic,Revenge of the Cybermen - Part One,19-Apr-75,17,4,
12,18,Classic,Revenge of the Cybermen - Part Two,26-Apr-75,17,4,
12,19,Classic,Revenge of the Cybermen - Part Three,03-May-75,17,4,
12,20,Classic,Revenge of the Cybermen - Part Four,10-May-75,17,4,
13,1,Classic,Terror of the Zygons - Part One,30-Aug-75,35,4,
13,2,Classic,Terror of the Zygons - Part Two,06-Sep-75,35,4,
13,3,Classic,Terror of the Zygons - Part Three,13-Sep-75,35,4,
13,4,Classic,Terror of the Zygons - Part Four,20-Sep-75,35,4,
13,5,Classic,Planet of Evil - Part One,27-Sep-75,7,4,
13,6,Classic,Planet of Evil - Part Two,04-Oct-75,7,4,
13,7,Classic,Planet of Evil - Part Three,11-Oct-75,7,4,
13,8,Classic,Planet of Evil - Part Four,18-Oct-75,7,4,
13,9,Classic,Pyramids of Mars - Part One,25-Oct-75,36,4,
13,10,Classic,Pyramids of Mars - Part Two,01-Nov-75,36,4,
13,11,Classic,Pyramids of Mars - Part Three,08-Nov-75,36,4,
13,12,Classic,Pyramids of Mars - Part Four,15-Nov-75,36,4,
13,13,Classic,The Android Invasion - Part One,22-Nov-75,2,4,
13,14,Classic,The Android Invasion - Part Two,29-Nov-75,2,4,
13,15,Classic,The Android Invasion - Part Three,06-Dec-75,2,4,
13,16,Classic,The Android Invasion - Part Four,13-Dec-75,2,4,
13,17,Classic,The Brain of Morbius - Part One,03-Jan-76,37,4,
13,18,Classic,The Brain of Morbius - Part Two,10-Jan-76,37,4,
13,19,Classic,The Brain of Morbius - Part Three,17-Jan-76,37,4,
13,20,Classic,The Brain of Morbius - Part Four,24-Jan-76,37,4,
13,21,Classic,The Seeds of Doom - Part One,31-Jan-76,35,4,
13,22,Classic,The Seeds of Doom - Part Two,07-Feb-76,35,4,
13,23,Classic,The Seeds of Doom - Part Three,14-Feb-76,35,4,
13,24,Classic,The Seeds of Doom - Part Four,21-Feb-76,35,4,
13,25,Classic,The Seeds of Doom - Part Five,28-Feb-76,35,4,
13,26,Classic,The Seeds of Doom - Part Six,06-Mar-76,35,4,
14,1,Classic,The Masque of Mandragora - Part One,04-Sep-76,7,4,
14,2,Classic,The Masque of Mandragora - Part Two,11-Sep-76,7,4,
14,3,Classic,The Masque of Mandragora - Part Three,18-Sep-76,7,4,
14,4,Classic,The Masque of Mandragora - Part Four,25-Sep-76,7,4,
14,5,Classic,The Hand of Fear - Part One,02-Oct-76,31,4,
14,6,Classic,The Hand of Fear - Part Two,09-Oct-76,31,4,
14,7,Classic,The Hand of Fear - Part Three,16-Oct-76,31,4,
14,8,Classic,The Hand of Fear - Part Four,23-Oct-76,31,4,
14,9,Classic,The Deadly Assassin - Part One,30-Oct-76,28,4,
14,10,Classic,The Deadly Assassin - Part Two,06-Nov-76,28,4,
14,11,Classic,The Deadly Assassin - Part Three,13-Nov-76,28,4,
14,12,Classic,The Deadly Assassin - Part Four,20-Nov-76,28,4,
14,13,Classic,The Face of Evil - Part One,01-Jan-77,38,4,
14,14,Classic,The Face of Evil - Part Two,08-Jan-77,38,4,
14,15,Classic,The Face of Evil - Part Three,15-Jan-77,38,4,
14,16,Classic,The Face of Evil - Part Four,22-Jan-77,38,4,
14,17,Classic,The Robots of Death - Part One,29-Jan-77,38,4,
14,18,Classic,The Robots of Death - Part Two,05-Feb-77,38,4,
14,19,Classic,The Robots of Death - Part Three,12-Feb-77,38,4,
14,20,Classic,The Robots of Death - Part Four,19-Feb-77,38,4,
14,21,Classic,The Talons of Weng-Chiang - Part One,26-Feb-77,28,4,
14,22,Classic,The Talons of Weng-Chiang - Part Two,05-Mar-77,28,4,
14,23,Classic,The Talons of Weng-Chiang - Part Three,12-Mar-77,28,4,
14,24,Classic,The Talons of Weng-Chiang - Part Four,19-Mar-77,28,4,
14,25,Classic,The Talons of Weng-Chiang - Part Five,26-Mar-77,28,4,
14,26,Classic,The Talons of Weng-Chiang - Part Six,02-Apr-77,28,4,
15,1,Classic,Horror of Fang Rock - Part One,03-Sep-77,29,4,
15,2,Classic,Horror of Fang Rock - Part Two,10-Sep-77,29,4,
15,3,Classic,Horror of Fang Rock - Part Three,17-Sep-77,29,4,
15,4,Classic,Horror of Fang Rock - Part Four,24-Sep-77,29,4,
15,5,Classic,The Invisible Enemy - Part One,01-Oct-77,31,4,
15,6,Classic,The Invisible Enemy - Part Two,08-Oct-77,31,4,
15,7,Classic,The Invisible Enemy - Part Three,15-Oct-77,31,4,
15,8,Classic,The Invisible Enemy - Part Four,22-Oct-77,31,4,
15,9,Classic,Image of the Fendahl - Part One,29-Oct-77,38,4,
15,10,Classic,Image of the Fendahl - Part Two,05-Nov-77,38,4,
15,11,Classic,Image of the Fendahl - Part Three,12-Nov-77,38,4,
15,12,Classic,Image of the Fendahl - Part Four,19-Nov-77,38,4,
15,13,Classic,The Sun Makers - Part One,26-Nov-77,28,4,
15,14,Classic,The Sun Makers - Part Two,03-Dec-77,28,4,
15,15,Classic,The Sun Makers - Part Three,10-Dec-77,28,4,
15,16,Classic,The Sun Makers - Part Four,17-Dec-77,28,4,
15,17,Classic,Underworld - Part One,07-Jan-78,31,4,
15,18,Classic,Underworld - Part Two,14-Jan-78,31,4,
15,19,Classic,Underworld - Part Three,21-Jan-78,31,4,
15,20,Classic,Underworld - Part Four,28-Jan-78,31,4,
15,21,Classic,The Invasion of Time - Part One,04-Feb-78,39,4,
15,22,Classic,The Invasion of Time - Part Two,11-Feb-78,39,4,
15,23,Classic,The Invasion of Time - Part Three,18-Feb-78,39,4,
15,24,Classic,The Invasion of Time - Part Four,25-Feb-78,39,4,
15,25,Classic,The Invasion of Time - Part Five,04-Mar-78,39,4,
15,26,Classic,The Invasion of Time - Part Six,11-Mar-78,39,4,
16,1,Classic,The Ribos Operation - Part One,02-Sep-78,28,4,
16,2,Classic,The Ribos Operation - Part Two,09-Sep-78,28,4,
16,3,Classic,The Ribos Operation - Part Three,16-Sep-78,28,4,
16,4,Classic,The Ribos Operation - Part Four,23-Sep-78,28,4,
16,5,Classic,The Pirate Planet - Part One,30-Sep-78,40,4,
16,6,Classic,The Pirate Planet - Part Two,07-Oct-78,40,4,
16,7,Classic,The Pirate Planet - Part Three,14-Oct-78,40,4,
16,8,Classic,The Pirate Planet - Part Four,21-Oct-78,40,4,
16,9,Classic,The Stones of Blood - Part One,28-Oct-78,41,4,
16,10,Classic,The Stones of Blood - Part Two,04-Nov-78,41,4,
16,11,Classic,The Stones of Blood - Part Three,11-Nov-78,41,4,
16,12,Classic,The Stones of Blood - Part Four,18-Nov-78,41,4,
16,13,Classic,The Androids of Tara - Part One,25-Nov-78,41,4,
16,14,Classic,The Androids of Tara - Part Two,02-Dec-78,41,4,
16,15,Classic,The Androids of Tara - Part Three,09-Dec-78,41,4,
16,16,Classic,The Androids of Tara - Part Four,16-Dec-78,41,4,
16,17,Classic,The Power of Kroll - Part One,23-Dec-78,28,4,
16,18,Classic,The Power of Kroll - Part Two,30-Dec-78,28,4,
16,19,Classic,The Power of Kroll - Part Three,06-Jan-79,28,4,
16,20,Classic,The Power of Kroll - Part Four,13-Jan-79,28,4,
16,21,Classic,The Armageddon Factor - Part One,20-Jan-79,31,4,
16,22,Classic,The Armageddon Factor - Part Two,27-Jan-79,31,4,
16,23,Classic,The Armageddon Factor - Part Three,03-Feb-79,31,4,
16,24,Classic,The Armageddon Factor - Part Four,10-Feb-79,31,4,
16,25,Classic,The Armageddon Factor - Part Five,17-Feb-79,31,4,
16,26,Classic,The Armageddon Factor - Part Six,24-Feb-79,31,4,
17,1,Classic,Destiny of the Daleks - Part One,01-Sep-79,2,4,
17,2,Classic,Destiny of the Daleks - Part Two,08-Sep-79,2,4,
17,3,Classic,Destiny of the Daleks - Part Three,15-Sep-79,2,4,
17,4,Classic,Destiny of the Daleks - Part Four,22-Sep-79,2,4,
17,5,Classic,City of Death - Part One,29-Sep-79,39,4,
17,6,Classic,City of Death - Part Two,06-Oct-79,39,4,
17,7,Classic,City of Death - Part Three,13-Oct-79,39,4,
17,8,Classic,City of Death - Part Four,20-Oct-79,39,4,
17,9,Classic,The Creature from the Pit - Part One,27-Oct-79,41,4,
17,10,Classic,The Creature from the Pit - Part Two,03-Nov-79,41,4,
17,11,Classic,The Creature from the Pit - Part Three,10-Nov-79,41,4,
17,12,Classic,The Creature from the Pit - Part Four,17-Nov-79,41,4,
17,13,Classic,Nightmare of Eden - Part One,24-Nov-79,31,4,
17,14,Classic,Nightmare of Eden - Part Two,01-Dec-79,31,4,
17,15,Classic,Nightmare of Eden - Part Three,08-Dec-79,31,4,
17,16,Classic,Nightmare of Eden - Part Four,15-Dec-79,31,4,
17,17,Classic,The Horns of Nimon - Part One,22-Dec-79,42,4,
17,18,Classic,The Horns of Nimon - Part Two,29-Dec-79,42,4,
17,19,Classic,The Horns of Nimon - Part Three,05-Jan-80,42,4,
17,20,Classic,The Horns of Nimon - Part Four,12-Jan-80,42,4,
17,21,Classic,Shada - Part One,,40,4,
17,22,Classic,Shada - Part Two,,40,4,
17,23,Classic,Shada - Part Three,,40,4,
17,24,Classic,Shada - Part Four,,40,4,
17,25,Classic,Shada - Part Five,,40,4,
17,26,Classic,Shada - Part Six,,40,4,
18,1,Classic,The Leisure Hive - Part One,30-Aug-80,41,4,
18,2,Classic,The Leisure Hive - Part Two,06-Sep-80,41,4,
18,3,Classic,The Leisure Hive - Part Three,13-Sep-80,41,4,
18,4,Classic,The Leisure Hive - Part Four,20-Sep-80,41,4,
18,5,Classic,Meglos - Part One,27-Sep-80,43,4,
18,6,Classic,Meglos - Part Two,04-Oct-80,43,4,
18,7,Classic,Meglos - Part Three,11-Oct-80,43,4,
18,8,Classic,Meglos - Part Four,18-Oct-80,43,4,
18,9,Classic,Full Circle - Part One,25-Oct-80,45,4,
18,10,Classic,Full Circle - Part Two,01-Nov-80,45,4,
18,11,Classic,Full Circle - Part Three,08-Nov-80,45,4,
18,12,Classic,Full Circle - Part Four,15-Nov-80,45,4,
18,13,Classic,State of Decay - Part One,22-Nov-80,29,4,
18,14,Classic,State of Decay - Part Two,29-Nov-80,29,4,
18,15,Classic,State of Decay - Part Three,06-Dec-80,29,4,
18,16,Classic,State of Decay - Part Four,13-Dec-80,29,4,
18,17,Classic,Warriors' Gate - Part One,03-Jan-81,46,4,
18,18,Classic,Warriors' Gate - Part Two,10-Jan-81,46,4,
18,19,Classic,Warriors' Gate - Part Three,17-Jan-81,46,4,
18,20,Classic,Warriors' Gate - Part Four,24-Jan-81,46,4,
18,21,Classic,The Keeper of Traken - Part One,31-Jan-81,47,4,
18,22,Classic,The Keeper of Traken - Part Two,07-Feb-81,47,4,
18,23,Classic,The Keeper of Traken - Part Three,14-Feb-81,47,4,
18,24,Classic,The Keeper of Traken - Part Four,21-Feb-81,47,4,
18,25,Classic,Logopolis - Part One,28-Feb-81,48,4,
18,26,Classic,Logopolis - Part Two,07-Mar-81,48,4,
18,27,Classic,Logopolis - Part Three,14-Mar-81,48,4,
18,28,Classic,Logopolis - Part Four,21-Mar-81,48,4,
19,1,Classic,Castrovalva - Part One,04-Jan-82,48,5,
19,2,Classic,Castrovalva - Part Two,05-Jan-82,48,5,
19,3,Classic,Castrovalva - Part Three,11-Jan-82,48,5,
19,4,Classic,Castrovalva - Part Four,12-Jan-82,48,5,
19,5,Classic,Four to Doomsday - Part One,18-Jan-82,49,5,
19,6,Classic,Four to Doomsday - Part Two,19-Jan-82,49,5,
19,7,Classic,Four to Doomsday - Part Three,25-Jan-82,49,5,
19,8,Classic,Four to Doomsday - Part Four,26-Jan-82,49,5,
19,9,Classic,Kinda - Part One,01-Feb-82,50,5,
19,10,Classic,Kinda - Part Two,02-Feb-82,50,5,
19,11,Classic,Kinda - Part Three,08-Feb-82,50,5,
19,12,Classic,Kinda - Part Four,09-Feb-82,50,5,
19,13,Classic,The Visitation - Part One,15-Feb-82,51,5,
19,14,Classic,The Visitation - Part Two,16-Feb-82,51,5,
19,15,Classic,The Visitation - Part Three,22-Feb-82,51,5,
19,16,Classic,The Visitation - Part Four,23-Feb-82,51,5,
19,17,Classic,Black Orchid - Part One,01-Mar-82,49,5,
19,18,Classic,Black Orchid - Part Two,02-Mar-82,49,5,
19,19,Classic,Earthshock - Part One,08-Mar-82,51,5,
19,20,Classic,Earthshock - Part Two,09-Mar-82,51,5,
19,21,Classic,Earthshock - Part Three,15-Mar-82,51,5,
19,22,Classic,Earthshock - Part Four,16-Mar-82,51,5,
19,23,Classic,Time-Flight - Part One,22-Mar-82,52,5,
19,24,Classic,Time-Flight - Part Two,23-Mar-82,52,5,
19,25,Classic,Time-Flight - Part Three,29-Mar-82,52,5,
19,26,Classic,Time-Flight - Part Four,30-Mar-82,52,5,
20,1,Classic,Arc of Infinity - Part One,04-Jan-83,47,5,
20,2,Classic,Arc of Infinity - Part Two,05-Jan-83,47,5,
20,3,Classic,Arc of Infinity - Part Three,11-Jan-83,47,5,
20,4,Classic,Arc of Infinity - Part Four,12-Jan-83,47,5,
20,5,Classic,Snakedance - Part One,18-Jan-83,50,5,
20,6,Classic,Snakedance - Part Two,19-Jan-83,50,5,
20,7,Classic,Snakedance - Part Three,25-Jan-83,50,5,
20,8,Classic,Snakedance - Part Four,26-Jan-83,50,5,
20,9,Classic,Mawdryn Undead - Part One,01-Feb-83,52,5,
20,10,Classic,Mawdryn Undead - Part Two,02-Feb-83,52,5,
20,11,Classic,Mawdryn Undead - Part Three,08-Feb-83,52,5,
20,12,Classic,Mawdryn Undead - Part Four,09-Feb-83,52,5,
20,13,Classic,Terminus - Part One,15-Feb-83,46,5,
20,14,Classic,Terminus - Part Two,16-Feb-83,46,5,
20,15,Classic,Terminus - Part Three,22-Feb-83,46,5,
20,16,Classic,Terminus - Part Four,23-Feb-83,46,5,
20,17,Classic,Enlightenment - Part One,01-Mar-83,53,5,
20,18,Classic,Enlightenment - Part Two,02-Mar-83,53,5,
20,19,Classic,Enlightenment - Part Three,08-Mar-83,53,5,
20,20,Classic,Enlightenment - Part Four,09-Mar-83,53,5,
20,21,Classic,The King's Demons - Part One,15-Mar-83,49,5,
20,22,Classic,The King's Demons - Part Two,16-Mar-83,49,5,
20,23,Special,The Five Doctors,25-Nov-83,29,5,
21,1,Classic,Warriors of the Deep - Part One,05-Jan-84,47,5,
21,2,Classic,Warriors of the Deep - Part Two,06-Jan-84,47,5,
21,3,Classic,Warriors of the Deep - Part Three,12-Jan-84,47,5,
21,4,Classic,Warriors of the Deep - Part Four,13-Jan-84,47,5,
21,5,Classic,The Awakening - Part One,19-Jan-84,54,5,
21,6,Classic,The Awakening - Part Two,20-Jan-84,54,5,
21,7,Classic,Frontios - Part One,26-Jan-84,48,5,
21,8,Classic,Frontios - Part Two,27-Jan-84,48,5,
21,9,Classic,Frontios - Part Three,02-Feb-84,48,5,
21,10,Classic,Frontios - Part Four,03-Feb-84,48,5,
21,11,Classic,Resurrection of the Daleks - Part One,08-Feb-84,51,5,
21,12,Classic,Resurrection of the Daleks - Part Two ,15-Feb-84,51,5,
21,13,Classic,Planet of Fire - Part One,23-Feb-84,52,5,
21,14,Classic,Planet of Fire - Part Two,24-Feb-84,52,5,
21,15,Classic,Planet of Fire - Part Three,01-Mar-84,52,5,
21,16,Classic,Planet of Fire - Part Four,02-Mar-84,52,5,
21,17,Classic,The Caves of Androzani - Part One,08-Mar-84,28,5,
21,18,Classic,The Caves of Androzani - Part Two,09-Mar-84,28,5,
21,19,Classic,The Caves of Androzani - Part Three,15-Mar-84,28,5,
21,20,Classic,The Caves of Androzani - Part Four,16-Mar-84,28,5,
21,21,Classic,The Twin Dilemma - Part One,22-Mar-84,55,6,
21,22,Classic,The Twin Dilemma - Part Two,23-Mar-84,55,6,
21,23,Classic,The Twin Dilemma - Part Three,29-Mar-84,55,6,
21,24,Classic,The Twin Dilemma - Part Four,30-Mar-84,55,6,
22,1,Classic,Attack of the Cybermen - Part One ,05-Jan-85,58,6,
22,2,Classic,Attack of the Cybermen - Part Two ,12-Jan-85,58,6,
22,3,Classic,Vengeance on Varos - Part One ,19-Jan-85,56,6,
22,4,Classic,Vengeance on Varos - Part Two ,26-Jan-85,56,6,
22,5,Classic,The Mark of the Rani - Part One ,02-Feb-85,57,6,
22,6,Classic,The Mark of the Rani - Part Two ,09-Feb-85,57,6,
22,7,Classic,The Two Doctors - Part One ,16-Feb-85,28,6,
22,8,Classic,The Two Doctors - Part Two ,23-Feb-85,28,6,
22,9,Classic,The Two Doctors - Part Three ,02-Mar-85,28,6,
22,10,Classic,Timelash - Part One ,09-Mar-85,59,6,
22,11,Classic,Timelash - Part Two ,16-Mar-85,59,6,
22,12,Classic,Revelation of the Daleks - Part One ,23-Mar-85,51,6,
22,13,Classic,Revelation of the Daleks - Part Two ,30-Mar-85,51,6,
23,14,Classic,The Trial of a Time Lord - Part One (The Mysterious Planet),06-Sep-86,28,6,
23,15,Classic,The Trial of a Time Lord - Part Two (The Mysterious Planet),13-Sep-86,28,6,
23,16,Classic,The Trial of a Time Lord - Part Three (The Mysterious Planet),20-Sep-86,28,6,
23,17,Classic,The Trial of a Time Lord - Part Four (The Mysterious Planet),27-Sep-86,28,6,
23,18,Classic,The Trial of a Time Lord - Part Five (Mindwarp),04-Oct-86,56,6,
23,19,Classic,The Trial of a Time Lord - Part Six (Mindwarp),11-Oct-86,56,6,
23,20,Classic,The Trial of a Time Lord - Part Seven (Mindwarp),18-Oct-86,56,6,
23,21,Classic,The Trial of a Time Lord - Part Eight (Mindwarp),25-Oct-86,56,6,
23,22,Classic,The Trial of a Time Lord - Part Nine (Terror of the Vervoids),01-Nov-86,57,6,
23,23,Classic,The Trial of a Time Lord - Part Ten (Terror of the Vervoids),08-Nov-86,57,6,
23,24,Classic,The Trial of a Time Lord - Part Eleven (Terror of the Vervoids),15-Nov-86,57,6,
23,25,Classic,The Trial of a Time Lord - Part Twelve (Terror of the Vervoids),22-Nov-86,57,6,
23,26,Classic,The Trial of a Time Lord - Part Thirteen (The Ultimate Foe),29-Nov-86,28,6,
23,27,Classic,The Trial of a Time Lord - Part Fourteen (The Ultimate Foe),06-Dec-86,57,6,
24,1,Classic,Time and the Rani - Part One,07-Sep-87,57,7,
24,2,Classic,Time and the Rani - Part Two,14-Sep-87,57,7,
24,3,Classic,Time and the Rani - Part Three,21-Sep-87,57,7,
24,4,Classic,Time and the Rani - Part Four,28-Sep-87,57,7,
24,5,Classic,Paradise Towers - Part One,05-Oct-87,60,7,
24,6,Classic,Paradise Towers - Part Two,12-Oct-87,60,7,
24,7,Classic,Paradise Towers - Part Three,19-Oct-87,60,7,
24,8,Classic,Paradise Towers - Part Four,26-Oct-87,60,7,
24,9,Classic,Delta and the Bannermen - Part One,02-Nov-87,61,7,
24,10,Classic,Delta and the Bannermen - Part Two,09-Nov-87,61,7,
24,11,Classic,Delta and the Bannermen - Part Three,16-Nov-87,61,7,
24,12,Classic,Dragonfire - Part One,23-Nov-87,62,7,
24,13,Classic,Dragonfire - Part Two,30-Nov-87,62,7,
24,14,Classic,Dragonfire - Part Three,07-Dec-87,62,7,
25,1,Classic,Remembrance of the Daleks - Part One,05-Oct-88,63,7,
25,2,Classic,Remembrance of the Daleks - Part Two,12-Oct-88,63,7,
25,3,Classic,Remembrance of the Daleks - Part Three,19-Oct-88,63,7,
25,4,Classic,Remembrance of the Daleks - Part Four,26-Oct-88,63,7,
25,5,Classic,The Happiness Patrol - Part One,02-Nov-88,64,7,
25,6,Classic,The Happiness Patrol - Part Two,09-Nov-88,64,7,
25,7,Classic,The Happiness Patrol - Part Three,16-Nov-88,64,7,
25,8,Classic,Silver Nemesis - Part One,23-Nov-88,65,7,
25,9,Classic,Silver Nemesis - Part Two,30-Nov-88,65,7,
25,10,Classic,Silver Nemesis - Part Three,07-Dec-88,65,7,
25,11,Classic,The Greatest Show in the Galaxy - Part One,14-Dec-88,60,7,
25,12,Classic,The Greatest Show in the Galaxy - Part Two,21-Dec-88,60,7,
25,13,Classic,The Greatest Show in the Galaxy - Part Three,28-Dec-88,60,7,
25,14,Classic,The Greatest Show in the Galaxy - Part Four,04-Jan-89,60,7,
26,1,Classic,Battlefield - Part One,06-Sep-89,63,7,
26,2,Classic,Battlefield - Part Two,13-Sep-89,63,7,
26,3,Classic,Battlefield - Part Three,20-Sep-89,63,7,
26,4,Classic,Battlefield - Part Four,27-Sep-89,63,7,
26,5,Classic,Ghost Light - Part One,04-Oct-89,66,7,
26,6,Classic,Ghost Light - Part Two,11-Oct-89,66,7,
26,7,Classic,Ghost Light - Part Three,18-Oct-89,66,7,
26,8,Classic,The Curse of Fenric - Part One,25-Oct-89,62,7,
26,9,Classic,The Curse of Fenric - Part Two,01-Nov-89,62,7,
26,10,Classic,The Curse of Fenric - Part Three,08-Nov-89,62,7,
26,11,Classic,The Curse of Fenric - Part Four,15-Nov-89,62,7,
26,12,Classic,Survival - Part One,22-Nov-89,67,7,
26,13,Classic,Survival - Part Two,29-Nov-89,67,7,
26,14,Classic,Survival - Part Three,06-Dec-89,67,7,
,,Classic,Doctor Who (The Movie),12-May-96,68,8,
27,1,Revised,Rose ,26-Mar-05,69,9,
27,2,Revised,The End of the World ,02-Apr-05,69,9,
27,3,Revised,The Unquiet Dead ,09-Apr-05,70,9,
27,4,Revised,Aliens of London ,16-Apr-05,69,9,
27,5,Revised,World War Three ,23-Apr-05,69,9,
27,6,Revised,Dalek ,30-Apr-05,71,9,
27,7,Revised,The Long Game ,07-May-05,69,9,
27,8,Revised,Father's Day ,14-May-05,72,9,
27,9,Revised,The Empty Child ,21-May-05,73,9,
27,10,Revised,The Doctor Dances ,28-May-05,73,9,
27,11,Revised,Boom Town ,04-Jun-05,69,9,
27,12,Revised,Bad Wolf ,11-Jun-05,69,9,
27,13,Revised,The Parting of the Ways ,18-Jun-05,69,9,
28,1,Special,The Christmas Invasion,25-Dec-05,69,9,
28,2,Revised,New Earth ,15-Apr-06,69,10,
28,3,Revised,Tooth and Claw ,22-Apr-06,69,10,
28,4,Revised,School Reunion ,29-Apr-06,74,10,
28,5,Revised,The Girl in the Fireplace ,06-May-06,73,10,
28,6,Revised,Rise of the Cybermen ,13-May-06,75,10,
28,7,Revised,The Age of Steel ,20-May-06,75,10,
28,8,Revised,The Idiot's Lantern ,27-May-06,70,10,
28,9,Revised,The Impossible Planet ,03-Jun-06,76,10,
28,10,Revised,The Satan Pit ,10-Jun-06,76,10,
28,11,Revised,Love & Monsters ,17-Jun-06,69,10,
28,12,Revised,Fear Her ,24-Jun-06,77,10,
28,13,Revised,Army of Ghosts ,01-Jul-06,69,10,
28,14,Revised,Doomsday ,08-Jul-06,69,10,
29,1,Special,The Runaway Bride,25-Dec-06,69,10,
29,2,Revised,Smith and Jones ,31-Mar-07,69,10,
29,3,Revised,The Shakespeare Code ,07-Apr-07,78,10,
29,4,Revised,Gridlock ,14-Apr-07,69,10,
29,5,Revised,Daleks in Manhattan ,21-Apr-07,79,10,
29,6,Revised,Evolution of the Daleks ,28-Apr-07,79,10,
29,7,Revised,The Lazarus Experiment ,05-May-07,80,10,
29,8,Revised,42,19-May-07,81,10,
29,9,Revised,Human Nature ,26-May-07,72,10,
29,10,Revised,The Family of Blood ,02-Jun-07,72,10,
29,11,Revised,Blink ,09-Jun-07,73,10,
29,12,Revised,Utopia ,16-Jun-07,69,10,
29,13,Revised,The Sound of Drums ,23-Jun-07,69,10,
29,14,Revised,Last of the Time Lords ,30-Jun-07,69,10,
30,1,Special,Voyage of the Damned,25-Dec-07,69,10,
30,2,Revised,Partners in Crime ,05-Apr-08,69,10,
30,3,Revised,The Fires of Pompeii ,12-Apr-08,82,10,
30,4,Revised,Planet of the Ood ,19-Apr-08,83,10,
30,5,Revised,The Sontaran Stratagem ,26-Apr-08,79,10,
30,6,Revised,The Poison Sky ,03-May-08,79,10,
30,7,Revised,The Doctor's Daughter ,10-May-08,80,10,
30,8,Revised,The Unicorn and the Wasp ,17-May-08,78,10,
30,9,Revised,Silence in the Library ,31-May-08,73,10,
30,10,Revised,Forest of the Dead ,07-Jun-08,73,10,
30,11,Revised,Midnight ,14-Jun-08,69,10,
30,12,Revised,Turn Left ,21-Jun-08,69,10,
30,13,Revised,The Stolen Earth ,28-Jun-08,69,10,
30,14,Revised,Journey's End ,05-Jul-08,69,10,
,,Special,The Next Doctor,25-Dec-08,69,10,
,,Special,Planet of the Dead,11-Apr-09,69,10,
,,Special,The Waters of Mars,15-Nov-09,69,10,
,,Special,The End of Time – Part One,25-Dec-09,69,10,
,,Special,The End of Time – Part Two,01-Jan-10,69,10,
31,1,Revised,The Eleventh Hour ,03-Apr-10,69,11,
31,2,Revised,The Beast Below ,10-Apr-10,69,11,
31,3,Revised,Victory of the Daleks ,17-Apr-10,69,11,
31,4,Revised,The Time of Angels ,24-Apr-10,69,11,
31,5,Revised,Flesh and Stone ,01-May-10,69,11,
31,6,Revised,The Vampires of Venice ,08-May-10,73,11,
31,7,Revised,Amy's Choice ,15-May-10,73,11,
31,8,Revised,The Hungry Earth ,22-May-10,70,11,
31,9,Revised,Cold Blood ,29-May-10,73,11,
31,10,Revised,Vincent and the Doctor ,05-Jun-10,73,11,
31,11,Revised,The Lodger ,12-Jun-10,74,11,
31,12,Revised,The Pandorica Opens ,19-Jun-10,85,11,
31,13,Revised,The Big Bang ,26-Jun-10,81,11,
32,1,Special,A Christams Carol,25-Dec-10,73,11,
32,2,Revised,The Impossible Astronaut ,23-Apr-11,81,11,
32,3,Revised,Day of the Moon ,30-Apr-11,86,11,
32,4,Revised,The Curse of the Black Spot ,07-May-11,78,11,
32,5,Revised,The Doctor's Wife ,14-May-11,73,11,
32,6,Revised,The Rebel Flesh ,21-May-11,73,11,
32,7,Revised,The Almost People ,28-May-11,73,11,
32,8,Revised,A Good Man Goes to War ,04-Jun-11,73,11,
32,9,Revised,Let's Kill Hitler ,27-Aug-11,87,11,
32,10,Revised,Night Terrors ,03-Sep-11,88,11,
32,11,Revised,The Girl Who Waited ,10-Sep-11,77,11,
32,12,Revised,The God Complex ,17-Sep-11,77,11,
32,13,Revised,Closing Time ,24-Sep-11,73,11,
32,14,Revised,The Wedding of River Song ,01-Oct-11,73,11,
33,1,Special,The Doctor; the Window; and the Wardrobe,25-Dec-11,73,11,
33,2,Revised,Asylum of the Daleks ,01-Sep-12,73,11,
33,3,Revised,Dinosaurs on a Spaceship ,08-Sep-12,81,11,
33,4,Revised,A Town Called Mercy ,15-Sep-12,74,11,
33,5,Revised,The Power of Three ,22-Sep-12,81,11,
33,6,Revised,The Angels Take Manhattan ,29-Sep-12,73,11,
33,7,Special,The Snowmen,25-Dec-12,73,11,
33,8,Revised,The Bells of Saint John ,30-Mar-13,73,11,
33,9,Revised,The Rings of Akhaten ,06-Apr-13,89,11,
33,10,Revised,Cold War ,13-Apr-13,70,11,
33,11,Revised,Hide ,20-Apr-13,89,11,
33,12,Revised,Journey to the Centre of the TARDIS ,27-Apr-13,87,11,
33,13,Revised,The Crimson Horror ,04-May-13,70,11,
33,14,Revised,Nightmare in Silver ,11-May-13,88,11,
33,15,Revised,The Name of the Doctor ,18-May-13,73,11,
,,Special,The Day of the Doctor,23-Nov-13,73,11,
,,Special,The Time of the Doctor,25-Dec-13,73,11,
34,1,Revised,Deep Breath ,23-Aug-14,73,12,
34,2,Revised,Into the Dalek ,30-Aug-14,84,12,
34,3,Revised,Robot of Sherwood ,06-Sep-14,70,12,
34,4,Revised,Listen ,13-Sep-14,73,12,
34,5,Revised,Time Heist ,20-Sep-14,87,12,
34,6,Revised,The Caretaker ,27-Sep-14,78,12,
34,7,Revised,Kill the Moon ,04-Oct-14,90,12,
34,8,Revised,Mummy on the Orient Express ,11-Oct-14,91,12,
34,9,Revised,Flatline ,18-Oct-14,91,12,
34,10,Revised,In the Forest of the Night ,25-Oct-14,92,12,
34,11,Revised,Dark Water ,01-Nov-14,73,12,
34,12,Revised,Death in Heaven ,08-Nov-14,73,12,
35,1,Special,Last Christmas,25-Dec-14,73,12,
35,2,Revised,The Magician's Apprentice ,19-Sep-15,73,12,
35,3,Revised,The Witch's Familiar ,26-Sep-15,73,12,
35,4,Revised,Under the Lake ,03-Oct-15,74,12,
35,5,Revised,Before the Flood ,10-Oct-15,74,12,
35,6,Revised,The Girl Who Died ,17-Oct-15,91,12,
35,7,Revised,The Woman Who Lived ,24-Oct-15,93,12,
35,8,Revised,The Zygon Invasion ,31-Oct-15,90,12,
35,9,Revised,The Zygon Inversion ,07-Nov-15,90,12,
35,10,Revised,Sleep No More ,14-Nov-15,70,12,
35,11,Revised,Face the Raven ,21-Nov-15,94,12,
35,12,Revised,Heaven Sent ,28-Nov-15,73,12,
35,13,Revised,Hell Bent ,05-Dec-15,73,12,
35,14,Special,The Husbands of River Song,25-Dec-15,73,12,
36,1,Special,The Return of Doctor Mysterio,25-Dec-16,73,12,
36,2,Revised,The Pilot,15-Apr-17,73,12,
36,3,Revised,Smile,22-Apr-17,92,12,
36,4,Revised,Thin Ice,29-Apr-17,94,12,
36,5,Revised,Knock Knock ,06-May-17,95,12,
36,6,Revised,Oxygen ,13-May-17,91,12,
36,7,Revised,Extremis,20-May-17,73,12,
36,8,Revised,The Pyramid at the End of the World ,27-May-17,73,12,
36,9,Revised,The Lie of the Land,03-Jun-17,74,12,
36,10,Revised,Empress of Mars ,10-Jun-17,70,12,
36,11,Revised,The Eaters of Light ,17-Jun-17,67,12,
36,12,Revised,World Enough and Time ,24-Jun-17,73,12,
36,13,Revised,The Doctor Falls ,01-Jul-17,73,12,
36,14,Special,Twice Upon a Time,25-Dec-17,73,12,
37,1,Revised,The Woman Who Fell to Earth,07-Oct-18,81,13,
37,2,Revised,The Ghost Monument ,14-Oct-18,81,13,
37,3,Revised,Rosa ,21-Oct-18,81,13,
37,4,Revised,Arachnids in the UK ,28-Oct-18,81,13,
37,5,Revised,The Tsuranga Conundrum ,04-Nov-18,81,13,
37,6,Revised,Demons of the Punjab ,11-Nov-18,97,13,
37,7,Revised,Kerblam! ,18-Nov-18,98,13,
37,8,Revised,The Witchfinders ,25-Nov-18,99,13,
37,9,Revised,It Takes You Away ,02-Dec-18,100,13,
37,10,Revised,The Battle of Ranskoor Av Kolos ,09-Dec-18,81,13,
37,11,Special,Resolution,01-Jan-19,81,13,
38,1,Revised,Spyfall - Part 1 ,01-Jan-20,81,13,
38,2,Revised,Spyfall - Part 2 ,05-Jan-20,81,13,
38,3,Revised,Orphan 55 ,12-Jan-20,100,13,
38,4,Revised,Nikola Tesla's Night of Terror,19-Jan-20,101,13,
38,5,Revised,Fugitive of the Judoon,26-Jan-20,81,13,
38,6,Revised,Praxeus,02-Feb-20,81,13,
38,7,Revised,Can You Hear Me?,09-Feb-20,81,13,
38,8,Revised,The Haunting of Villa Diodati,16-Feb-20,103,13,
38,9,Revised,Ascension of the Cybermen,23-Feb-20,81,13,
38,10,Revised,The Timeless Children ,01-Mar-20,81,13,
38,11,Special,Revolution of the Daleks,01-Jan-21,81,13,
